{
    "r2": 0.9626297575125584,
    "mae": 0.03669619190507501,
    "mse": 0.0019283506697002335,
    "trained_at": "2026-03-09",
    "n_rows": 17280
}